author	authorLabel
http://www.wikidata.org/entity/Q4182860	Q4182860
http://www.wikidata.org/entity/Q85511849	Abbaudus Abbot
http://www.wikidata.org/entity/Q2622892	Abbo Cernuus
http://www.wikidata.org/entity/Q306658	Abbo of Fleury
http://www.wikidata.org/entity/Q137934	Abbot Suger
http://www.wikidata.org/entity/Q85511854	Absalon of Springiersbach
http://www.wikidata.org/entity/Q2822993	Achard of Saint-Victor
http://www.wikidata.org/entity/Q348198	Adalard of Corbie
http://www.wikidata.org/entity/Q347198	Adalberon
http://www.wikidata.org/entity/Q347218	Adalberon
http://www.wikidata.org/entity/Q347454	Adalbert of Mainz
http://www.wikidata.org/entity/Q85511864	Adalbert of Metz
http://www.wikidata.org/entity/Q348087	Adalbertus Samaritanus
http://www.wikidata.org/entity/Q353058	Adalbold II of Utrecht
http://www.wikidata.org/entity/Q85511869	Adalger of Augsburg
http://www.wikidata.org/entity/Q348148	Adalgod von Osterburg
http://www.wikidata.org/entity/Q109244	Adam of Bremen
http://www.wikidata.org/entity/Q2613779	Adam of Dryburgh
http://www.wikidata.org/entity/Q1750555	Adam of Perseigne
http://www.wikidata.org/entity/Q312372	Adelard of Bath
http://www.wikidata.org/entity/Q359951	Ado of Vienne
http://www.wikidata.org/entity/Q120132	Adomnán
http://www.wikidata.org/entity/Q378549	Adso of Montier-en-Der
http://www.wikidata.org/entity/Q379829	Adventius
http://www.wikidata.org/entity/Q247137	Aelius Donatus
http://www.wikidata.org/entity/Q1451726	Aelius Festus Aphthonius
http://www.wikidata.org/entity/Q8797	Aemilius Macer
http://www.wikidata.org/entity/Q4531640	Aemilius Sura
http://www.wikidata.org/entity/Q225857	Aethicus Ister
http://www.wikidata.org/entity/Q3606217	Afonso Alvares Guerreiro
http://www.wikidata.org/entity/Q1454878	Aggenus Urbicus
http://www.wikidata.org/entity/Q517095	Agnellus
http://www.wikidata.org/entity/Q395689	Agostino Nifo
http://www.wikidata.org/entity/Q518973	Agroecius
http://www.wikidata.org/entity/Q3607110	Ailerán
http://www.wikidata.org/entity/Q1283657	Aimoin
http://www.wikidata.org/entity/Q3607123	Aimoin of Saint-Germain-des-Prés
http://www.wikidata.org/entity/Q85511874	Aimon of Saint-Pierre-sur-Dives
http://www.wikidata.org/entity/Q982038	Alain Chartier
http://www.wikidata.org/entity/Q4313	Alain de Lille
http://www.wikidata.org/entity/Q2012329	Alain, Bishop of Auxerre
http://www.wikidata.org/entity/Q4708139	Alan of Tewkesbury
http://www.wikidata.org/entity/Q964903	Alberic of Monte Cassino
http://www.wikidata.org/entity/Q548981	Alberic of Trois-Fontaines
http://www.wikidata.org/entity/Q4323	Albert of Aix
http://www.wikidata.org/entity/Q2831705	Albertanus of Brescia
http://www.wikidata.org/entity/Q85511898	Albuinus Eremita
http://www.wikidata.org/entity/Q4713134	Alcimus Alethius
http://www.wikidata.org/entity/Q154332	Alcuin
http://www.wikidata.org/entity/Q709718	Aldhelm
http://www.wikidata.org/entity/Q85511905	Aldricus of Sens
http://www.wikidata.org/entity/Q4718389	Alexander Bonini
http://www.wikidata.org/entity/Q85511910	Alexander of Jumièges
http://www.wikidata.org/entity/Q10882562	Alexander of Roes
http://www.wikidata.org/entity/Q283387	Alfanus I
http://www.wikidata.org/entity/Q1241376	Alfenus Varus
http://www.wikidata.org/entity/Q2834858	Alfonso Clemente de Aróstegui
http://www.wikidata.org/entity/Q28761	Alfred of Sareshel
http://www.wikidata.org/entity/Q46592455	Alulphe of Tournai
http://www.wikidata.org/entity/Q669044	Amafinius
http://www.wikidata.org/entity/Q452681	Amalarius of Metz
http://www.wikidata.org/entity/Q43689	Ambrose
http://www.wikidata.org/entity/Q689146	Ambrosiaster
http://www.wikidata.org/entity/Q172198	Ammianus Marcellinus
http://www.wikidata.org/entity/Q85511927	Anamodus of Ratisbon
http://www.wikidata.org/entity/Q134682	Anastasius I
http://www.wikidata.org/entity/Q5925848	Anders Carlsson af Kullberg
http://www.wikidata.org/entity/Q3615780	Andrea Guarna
http://www.wikidata.org/entity/Q16268126	Andrea di Strumi
http://www.wikidata.org/entity/Q4340	Andreas Capellanus
http://www.wikidata.org/entity/Q2696078	Andreas of Bergamo
http://www.wikidata.org/entity/Q2638879	Andrey Rymsha
http://www.wikidata.org/entity/Q3299494	Andronicus Callistus
http://www.wikidata.org/entity/Q537595	Angelo da Clareno
http://www.wikidata.org/entity/Q3617330	Angelrannus of Saint-Riquier
http://www.wikidata.org/entity/Q539434	Angilbert
http://www.wikidata.org/entity/Q85511970	Angilbertus of Corbie
http://www.wikidata.org/entity/Q539422	Angilram of Metz
http://www.wikidata.org/entity/Q272497	Anna Bijns
http://www.wikidata.org/entity/Q112771530	Anonymous of Arras
http://www.wikidata.org/entity/Q3413678	Ansello
http://www.wikidata.org/entity/Q75514061	Anselm de Ribemont
http://www.wikidata.org/entity/Q17002216	Anselm of Besate
http://www.wikidata.org/entity/Q43939	Anselm of Canterbury
http://www.wikidata.org/entity/Q95298	Anselm of Havelberg
http://www.wikidata.org/entity/Q1040234	Anselm of Lucca
http://www.wikidata.org/entity/Q109832842	Antoine Deslions
http://www.wikidata.org/entity/Q772564	Antoninus of Piacenza
http://www.wikidata.org/entity/Q41569724	Antonio Gatti
http://www.wikidata.org/entity/Q104553418	Antonio Mattiassevich Caramaneo
http://www.wikidata.org/entity/Q772773	Antonius Musa
http://www.wikidata.org/entity/Q297783	Appius Claudius Caecus
http://www.wikidata.org/entity/Q170512	Apuleius
http://www.wikidata.org/entity/Q1056198	Aquila Romanus
http://www.wikidata.org/entity/Q39454	Arator
http://www.wikidata.org/entity/Q172523	Arbeo of Freising
http://www.wikidata.org/entity/Q634807	Archpoet
http://www.wikidata.org/entity/Q776768	Arellius Fuscus
http://www.wikidata.org/entity/Q3622537	Aribo Scholasticus
http://www.wikidata.org/entity/Q2863280	Arnauld de Oihenart
http://www.wikidata.org/entity/Q342416	Arnobius
http://www.wikidata.org/entity/Q278370	Arnobius the Younger
http://www.wikidata.org/entity/Q697789	Arnulf
http://www.wikidata.org/entity/Q88017720	Arnulf of Bohéries
http://www.wikidata.org/entity/Q584833	Arnulf of Lisieux
http://www.wikidata.org/entity/Q3623639	Arnulf of Milan
http://www.wikidata.org/entity/Q30333074	Arnulf of Orléans
http://www.wikidata.org/entity/Q3624821	Arruntius Celsus
http://www.wikidata.org/entity/Q656891	Arulenus Rusticus
http://www.wikidata.org/entity/Q88024399	Asper
http://www.wikidata.org/entity/Q428905	Asser
http://www.wikidata.org/entity/Q76738	Athanasius Kircher
http://www.wikidata.org/entity/Q1164947	Atilius
http://www.wikidata.org/entity/Q8208327	Atilius Fortunatianus
http://www.wikidata.org/entity/Q259531	Attius Labeo
http://www.wikidata.org/entity/Q512544	Atto of Vercelli
http://www.wikidata.org/entity/Q28441319	Audax
http://www.wikidata.org/entity/Q651657	Audoin
http://www.wikidata.org/entity/Q15443387	Audradus Modicus
http://www.wikidata.org/entity/Q4820327	Aufidius Namusa
http://www.wikidata.org/entity/Q761023	August Buchner
http://www.wikidata.org/entity/Q68848	August Wilhelm Zumpt
http://www.wikidata.org/entity/Q8018	Augustine of Hippo
http://www.wikidata.org/entity/Q2871655	Augustinus Triumphus
http://www.wikidata.org/entity/Q772539	Aulus Caecina
http://www.wikidata.org/entity/Q312420	Aulus Cornelius Celsus
http://www.wikidata.org/entity/Q718196	Aulus Furius Antias
http://www.wikidata.org/entity/Q294800	Aulus Gellius
http://www.wikidata.org/entity/Q781386	Aulus Ofilius
http://www.wikidata.org/entity/Q4821868	Aunarius
http://www.wikidata.org/entity/Q1224938	Aurelius Opilius
http://www.wikidata.org/entity/Q234593	Ausonius
http://www.wikidata.org/entity/Q775638	Auspicius of Toul
http://www.wikidata.org/entity/Q459604	Autpert Ambrose
http://www.wikidata.org/entity/Q4827326	Auxilius of Naples
http://www.wikidata.org/entity/Q185732	Avianus
http://www.wikidata.org/entity/Q366793	Avienus
http://www.wikidata.org/entity/Q225201	Avitus of Vienne
http://www.wikidata.org/entity/Q211133	Baldassarre Castiglione
http://www.wikidata.org/entity/Q111232204	Baldassarre Paglia
http://www.wikidata.org/entity/Q804774	Baldric of Dol
http://www.wikidata.org/entity/Q660426	Baldwin of Forde
http://www.wikidata.org/entity/Q88008486	Bandinus
http://www.wikidata.org/entity/Q810973	Baptista Mantuanus
http://www.wikidata.org/entity/Q85512009	Bartholomew of Marmoutier
http://www.wikidata.org/entity/Q3635444	Bartholomew of San Concordio
http://www.wikidata.org/entity/Q384698	Barthélémy Aneau
http://www.wikidata.org/entity/Q809391	Bartolomeo da Rinonico
http://www.wikidata.org/entity/Q154938	Bede
http://www.wikidata.org/entity/Q567639	Bele Regis Notarius
http://www.wikidata.org/entity/Q45031931	Benedetto Egio
http://www.wikidata.org/entity/Q176833	Benedetto Varchi
http://www.wikidata.org/entity/Q712214	Benedict of Aniane
http://www.wikidata.org/entity/Q88590070	Benedict of Bari
http://www.wikidata.org/entity/Q4887329	Benedict of Soracte
http://www.wikidata.org/entity/Q24024000	Benedictus Canonicus
http://www.wikidata.org/entity/Q554825	Benedikt Kotruljević
http://www.wikidata.org/entity/Q55132782	Berengoz
http://www.wikidata.org/entity/Q559219	Bernard Gui
http://www.wikidata.org/entity/Q4893244	Bernard II, Count of Besalú
http://www.wikidata.org/entity/Q2898857	Bernard le Sage
http://www.wikidata.org/entity/Q17354034	Bernard of Angers
http://www.wikidata.org/entity/Q188411	Bernard of Clairvaux
http://www.wikidata.org/entity/Q826271	Bernard of Cluny
http://www.wikidata.org/entity/Q85512016	Bernard of Fontcaude
http://www.wikidata.org/entity/Q16497918	Bernarda Ferreira de Lacerda
http://www.wikidata.org/entity/Q104183238	Bernardino Trebazio
http://www.wikidata.org/entity/Q823033	Bernardo Rucellai
http://www.wikidata.org/entity/Q15984783	Bernelinus
http://www.wikidata.org/entity/Q85512022	Bernerus Humolariensis
http://www.wikidata.org/entity/Q458981	Berno of Reichenau
http://www.wikidata.org/entity/Q471069	Bernold of Constance
http://www.wikidata.org/entity/Q65127920	Bernowin of Clermont
http://www.wikidata.org/entity/Q1132947	Bertechramnus
http://www.wikidata.org/entity/Q53679510	Berthaire de Verdun
http://www.wikidata.org/entity/Q3638904	Bertharius
http://www.wikidata.org/entity/Q102851	Boethius
http://www.wikidata.org/entity/Q542434	Boncompagno da Signa
http://www.wikidata.org/entity/Q134646	Boniface VIII
http://www.wikidata.org/entity/Q87181552	Bonifacio Veronese
http://www.wikidata.org/entity/Q4942096	Bonizo of Sutri
http://www.wikidata.org/entity/Q1248641	Bonvesin da la Riva
http://www.wikidata.org/entity/Q85512039	Bovo of Saint-Bertin
http://www.wikidata.org/entity/Q4975525	Brother Leo
http://www.wikidata.org/entity/Q563247	Bruno
http://www.wikidata.org/entity/Q994018	Bruno
http://www.wikidata.org/entity/Q312314	Bruno of Cologne
http://www.wikidata.org/entity/Q994039	Bruno the Saxon
http://www.wikidata.org/entity/Q994757	Bruttedius Niger
http://www.wikidata.org/entity/Q2927945	Bulgar de Bulgaran
http://www.wikidata.org/entity/Q88016864	Burchard of Reichenau
http://www.wikidata.org/entity/Q62668	Burchard of Worms
http://www.wikidata.org/entity/Q85689860	Burchardus of Bellevaux
http://www.wikidata.org/entity/Q647314	Byrhtferth
http://www.wikidata.org/entity/Q66384729	Caecilius Balbus
http://www.wikidata.org/entity/Q350781	Caecilius Statius
http://www.wikidata.org/entity/Q2514828	Caelius Aurelianus
http://www.wikidata.org/entity/Q649722	Caesar of Heisterbach
http://www.wikidata.org/entity/Q304832	Caesarius of Arles
http://www.wikidata.org/entity/Q2441699	Caius
http://www.wikidata.org/entity/Q729244	Calcidius
http://www.wikidata.org/entity/Q85512060	Candidus Arianus
http://www.wikidata.org/entity/Q5490755	Canius Rufus
http://www.wikidata.org/entity/Q85512065	Cappidus of Stavoren
http://www.wikidata.org/entity/Q984681	Carl Gustaf af Leopold
http://www.wikidata.org/entity/Q21543928	Carlo Emmanuele Vizzani
http://www.wikidata.org/entity/Q1221013	Cassianus Bassus
http://www.wikidata.org/entity/Q192365	Cassiodorus
http://www.wikidata.org/entity/Q644086	Cassius Felix
http://www.wikidata.org/entity/Q709941	Cassius Severus
http://www.wikidata.org/entity/Q89121619	Castellano da Bassano
http://www.wikidata.org/entity/Q180081	Cato the Elder
http://www.wikidata.org/entity/Q193506	Cato the Younger
http://www.wikidata.org/entity/Q163079	Catullus
http://www.wikidata.org/entity/Q1107869	Celio Calcagnini
http://www.wikidata.org/entity/Q707449	Censorinus
http://www.wikidata.org/entity/Q1054504	Ceolfrith
http://www.wikidata.org/entity/Q1001949	Charisius
http://www.wikidata.org/entity/Q2471187	Charles Rollin
http://www.wikidata.org/entity/Q1066534	Charles de Bovelles
http://www.wikidata.org/entity/Q1082561	Christian of Stavelot
http://www.wikidata.org/entity/Q861511	Chrodegang
http://www.wikidata.org/entity/Q774567	Chromatius
http://www.wikidata.org/entity/Q1541	Cicero
http://www.wikidata.org/entity/Q2855302	Cincius
http://www.wikidata.org/entity/Q205947	Claudian
http://www.wikidata.org/entity/Q782074	Claudianus Mamertus
http://www.wikidata.org/entity/Q1411	Claudius
http://www.wikidata.org/entity/Q3284978	Claudius Mamertinus
http://www.wikidata.org/entity/Q2978575	Claudius Marius Victorius
http://www.wikidata.org/entity/Q922068	Claudius of Turin
http://www.wikidata.org/entity/Q747578	Cledonius
http://www.wikidata.org/entity/Q3680565	Cleto Pavanetto
http://www.wikidata.org/entity/Q538564	Coelius Sedulius
http://www.wikidata.org/entity/Q536943	Cogitosus
http://www.wikidata.org/entity/Q319653	Columbanus
http://www.wikidata.org/entity/Q85512082	Columbanus of Saint-Trond
http://www.wikidata.org/entity/Q318317	Columella
http://www.wikidata.org/entity/Q1115768	Commodian
http://www.wikidata.org/entity/Q2994436	Consentius
http://www.wikidata.org/entity/Q64941943	Consentius
http://www.wikidata.org/entity/Q76743	Constantin von Tischendorf
http://www.wikidata.org/entity/Q468641	Constantine the African
http://www.wikidata.org/entity/Q363827	Constantius of Lyon
http://www.wikidata.org/entity/Q17294873	Consultus Fortunatianus
http://www.wikidata.org/entity/Q266239	Corippus
http://www.wikidata.org/entity/Q234533	Cornelia
http://www.wikidata.org/entity/Q1133728	Cornelius Bocchus
http://www.wikidata.org/entity/Q1133783	Cornelius Epicadus
http://www.wikidata.org/entity/Q1133857	Cornelius Labeo
http://www.wikidata.org/entity/Q109594	Cornelius Nepos
http://www.wikidata.org/entity/Q1133958	Cornelius Severus
http://www.wikidata.org/entity/Q1134021	Cornelius a Lapide
http://www.wikidata.org/entity/Q1245175	Cornificia
http://www.wikidata.org/entity/Q1243817	Cornificius
http://www.wikidata.org/entity/Q85512099	Coronatus Notarius
http://www.wikidata.org/entity/Q711964	Cristoforo Landino
http://www.wikidata.org/entity/Q5194153	Cumméne Fota
http://www.wikidata.org/entity/Q504518	Cuthbert
http://www.wikidata.org/entity/Q190240	Cyprian
http://www.wikidata.org/entity/Q899826	Cyprianus
http://www.wikidata.org/entity/Q64900798	Cyprianus of Cordoba
http://www.wikidata.org/entity/Q22582502	Dado
http://www.wikidata.org/entity/Q85512124	Dagulfus
http://www.wikidata.org/entity/Q130997	Damasus I
http://www.wikidata.org/entity/Q1404942	Damian of Pavia
http://www.wikidata.org/entity/Q102878151	Dancus
http://www.wikidata.org/entity/Q4224038	Daniel Clocow
http://www.wikidata.org/entity/Q1067	Dante Alighieri
http://www.wikidata.org/entity/Q544378	Dares Phrygius
http://www.wikidata.org/entity/Q67222	David Ruhnken
http://www.wikidata.org/entity/Q1215347	Decimus Iunius Silanus
http://www.wikidata.org/entity/Q1181859	Decimus Laberius
http://www.wikidata.org/entity/Q19894737	Demetrio Canevari
http://www.wikidata.org/entity/Q585422	Dezallier d'Argenville
http://www.wikidata.org/entity/Q85512133	Diarmait
http://www.wikidata.org/entity/Q475001	Dictys Cretensis
http://www.wikidata.org/entity/Q905114	Dicuil
http://www.wikidata.org/entity/Q74332	Dietrich of Nieheim
http://www.wikidata.org/entity/Q3157540	Diogo Pires
http://www.wikidata.org/entity/Q1226908	Diomedes Grammaticus
http://www.wikidata.org/entity/Q3028750	Dionysius Cato
http://www.wikidata.org/entity/Q274091	Dionysius Exiguus
http://www.wikidata.org/entity/Q8809	Domitius Marsus
http://www.wikidata.org/entity/Q3713864	Donizo of Canossa
http://www.wikidata.org/entity/Q5298821	Dorsennus
http://www.wikidata.org/entity/Q987125	Dositheus Magister
http://www.wikidata.org/entity/Q885446	Dracontius
http://www.wikidata.org/entity/Q19833761	Drogon
http://www.wikidata.org/entity/Q609201	Dungal of Bobbio
http://www.wikidata.org/entity/Q190089	Duns Scotus
http://www.wikidata.org/entity/Q332130	Dunstan
http://www.wikidata.org/entity/Q3041516	Durand of Huesca
http://www.wikidata.org/entity/Q11917197	Dynamius
http://www.wikidata.org/entity/Q819901	Ebbo
http://www.wikidata.org/entity/Q85512149	Eberhard of Tegernsee
http://www.wikidata.org/entity/Q85512151	Eberwin of Trier
http://www.wikidata.org/entity/Q3049131	Ecgbert
http://www.wikidata.org/entity/Q5343193	Edward Grim
http://www.wikidata.org/entity/Q550353	Egidio Forcellini
http://www.wikidata.org/entity/Q96439900	Egidio Gallo
http://www.wikidata.org/entity/Q316534	Eigil of Fulda
http://www.wikidata.org/entity/Q154526	Einhard
http://www.wikidata.org/entity/Q686169	Ekkehard IV
http://www.wikidata.org/entity/Q66673	Ekkehard of Aura
http://www.wikidata.org/entity/Q1848481	Eleutherius of Tournai
http://www.wikidata.org/entity/Q605295	Elio Lampridio Cerva
http://www.wikidata.org/entity/Q3051128	Eliseo Calenzio
http://www.wikidata.org/entity/Q47130	Ennius
http://www.wikidata.org/entity/Q43499	Erasmus
http://www.wikidata.org/entity/Q68091	Erasmus Alberus
http://www.wikidata.org/entity/Q749487	Erchempert
http://www.wikidata.org/entity/Q1354979	Erchenbald of Strasbourg
http://www.wikidata.org/entity/Q4962054	Erika Liebman
http://www.wikidata.org/entity/Q949224	Ermengol VII, Count of Urgell
http://www.wikidata.org/entity/Q1232314	Ermenric of Ellwangen
http://www.wikidata.org/entity/Q362491	Ermoldus Nigellus
http://www.wikidata.org/entity/Q671419	Eucherius of Lyon
http://www.wikidata.org/entity/Q16835817	Eucolpius
http://www.wikidata.org/entity/Q41149759	Eudes de Saint-Maur
http://www.wikidata.org/entity/Q1217684	Eudes de Sully
http://www.wikidata.org/entity/Q596910	Eugenius III of Toledo
http://www.wikidata.org/entity/Q738491	Eugippius
http://www.wikidata.org/entity/Q246000	Eulogius of Córdoba
http://www.wikidata.org/entity/Q18214704	Eusebius Gallicanus
http://www.wikidata.org/entity/Q2781945	Eusebius of Angers
http://www.wikidata.org/entity/Q24013788	Eusebius of Cremona
http://www.wikidata.org/entity/Q88023746	Eustochius of Angers
http://www.wikidata.org/entity/Q314694	Eutropius
http://www.wikidata.org/entity/Q48772589	Eutropius the Lombard
http://www.wikidata.org/entity/Q31093484	Evagrius Gallus
http://www.wikidata.org/entity/Q88023278	Evantius of Troclar
http://www.wikidata.org/entity/Q932714	Fabius Planciades Fulgentius
http://www.wikidata.org/entity/Q2626977	Facundus of Hermiane
http://www.wikidata.org/entity/Q11697706	Fastidius of Britain
http://www.wikidata.org/entity/Q5856794	Faustinus Luciferianus
http://www.wikidata.org/entity/Q2351792	Faustus of Riez
http://www.wikidata.org/entity/Q1398914	Favonius Eulogius
http://www.wikidata.org/entity/Q554387	Favorinus
http://www.wikidata.org/entity/Q5442387	Felix of Ravenna
http://www.wikidata.org/entity/Q94440464	Ferdinando Porretti
http://www.wikidata.org/entity/Q2506510	Ferréol of Uzès
http://www.wikidata.org/entity/Q99365045	Fidentius of Padua
http://www.wikidata.org/entity/Q223615	Flavius Caper
http://www.wikidata.org/entity/Q4485272	Flavius Felix
http://www.wikidata.org/entity/Q66133212	Flavius Theodorus
http://www.wikidata.org/entity/Q3074346	Florus of Lyon
http://www.wikidata.org/entity/Q1435318	Folcuin of Lobbes
http://www.wikidata.org/entity/Q16115490	Fran Trankvil Andreis
http://www.wikidata.org/entity/Q655618	Francesco Berni
http://www.wikidata.org/entity/Q41569098	Francesco Dal Pozzo
http://www.wikidata.org/entity/Q109876774	Francesco Simoneschi
http://www.wikidata.org/entity/Q3081125	Francesco da Fiano
http://www.wikidata.org/entity/Q676555	Francis of Assisi
http://www.wikidata.org/entity/Q64168468	Francisco Alfonso
http://www.wikidata.org/entity/Q99836778	Francisco Antônio de Almeida Júnior
http://www.wikidata.org/entity/Q5483983	Francisco Sánchez Barbero
http://www.wikidata.org/entity/Q1366054	Franciszek Dionizy Kniaźnin
http://www.wikidata.org/entity/Q1442683	Franco of Liège
http://www.wikidata.org/entity/Q443861	Frang Bardhi
http://www.wikidata.org/entity/Q104553043	Frano Lucijan Gundulić
http://www.wikidata.org/entity/Q561737	François Hotman
http://www.wikidata.org/entity/Q947108	Fredegar
http://www.wikidata.org/entity/Q517177	Fridugisus
http://www.wikidata.org/entity/Q65337	Friedrich August Wolf
http://www.wikidata.org/entity/Q5504749	Frithegod
http://www.wikidata.org/entity/Q297377	Frontinus
http://www.wikidata.org/entity/Q5506242	Frothar of Toul
http://www.wikidata.org/entity/Q675974	Froumund of Tegernsee
http://www.wikidata.org/entity/Q4926258	Frowin of Engleberg
http://www.wikidata.org/entity/Q705395	Fructuosus of Braga
http://www.wikidata.org/entity/Q529302	Fulbert of Chartres
http://www.wikidata.org/entity/Q5630	Fulcher of Chartres
http://www.wikidata.org/entity/Q88007710	Fulcoius of Beauvais
http://www.wikidata.org/entity/Q5507858	Fulgentius Ferrandus
http://www.wikidata.org/entity/Q380089	Fulgentius of Ruspe
http://www.wikidata.org/entity/Q1474972	Furius Dionysius Filocalus
http://www.wikidata.org/entity/Q603706	Gabriel Pereira de Castro
http://www.wikidata.org/entity/Q69764651	Gaillard Guiran
http://www.wikidata.org/entity/Q313439	Gaius
http://www.wikidata.org/entity/Q3757285	Gaius Albucius Silus
http://www.wikidata.org/entity/Q450708	Gaius Asinius Gallus
http://www.wikidata.org/entity/Q319273	Gaius Asinius Pollio
http://www.wikidata.org/entity/Q727589	Gaius Ateius Capito
http://www.wikidata.org/entity/Q164923	Gaius Cassius Longinus
http://www.wikidata.org/entity/Q12093928	Gaius Clodius Licinus
http://www.wikidata.org/entity/Q8825	Gaius Cornelius Gallus
http://www.wikidata.org/entity/Q11923546	Gaius Drusus
http://www.wikidata.org/entity/Q1491473	Gaius Julius Caesar Strabo Vopiscus
http://www.wikidata.org/entity/Q298376	Gaius Julius Hyginus
http://www.wikidata.org/entity/Q520487	Gaius Julius Solinus
http://www.wikidata.org/entity/Q3207287	Gaius Julius Victor
http://www.wikidata.org/entity/Q521520	Gaius Licinius Mucianus
http://www.wikidata.org/entity/Q298729	Gaius Lucilius
http://www.wikidata.org/entity/Q708247	Gaius Marius Victorinus
http://www.wikidata.org/entity/Q432089	Gaius Matius
http://www.wikidata.org/entity/Q670317	Gaius Oppius
http://www.wikidata.org/entity/Q316090	Gaius Valerius Flaccus
http://www.wikidata.org/entity/Q8817	Gaius Valgius Rufus
http://www.wikidata.org/entity/Q3238490	Galbert of Bruges
http://www.wikidata.org/entity/Q85512223	Galon of Paris
http://www.wikidata.org/entity/Q279427	Gaudentius of Brescia
http://www.wikidata.org/entity/Q104553149	Gaufridus Magister
http://www.wikidata.org/entity/Q785241	Gaunilo of Marmoutiers
http://www.wikidata.org/entity/Q126296	Gebeno von Eberbach
http://www.wikidata.org/entity/Q162135	Gelasius I
http://www.wikidata.org/entity/Q373675	Gennadius of Massilia
http://www.wikidata.org/entity/Q88013803	Geoffrey Grossus
http://www.wikidata.org/entity/Q188344	Geoffrey of Monmouth
http://www.wikidata.org/entity/Q1223067	Geoffrey of Vendôme
http://www.wikidata.org/entity/Q1491994	Geoffrey of Vinsauf
http://www.wikidata.org/entity/Q71606	Georg Fabricius
http://www.wikidata.org/entity/Q357824	Gerald of Wales
http://www.wikidata.org/entity/Q367240	Gerard of Cremona
http://www.wikidata.org/entity/Q117759	Gerard of Csanád
http://www.wikidata.org/entity/Q1432518	Gerard of Florennes
http://www.wikidata.org/entity/Q122059	Gerhoh of Reichersberg
http://www.wikidata.org/entity/Q191039	Germanicus
http://www.wikidata.org/entity/Q111153335	Geronimo Sirtori
http://www.wikidata.org/entity/Q85512249	Gervase of Reims
http://www.wikidata.org/entity/Q3761958	Giacomino da Verona
http://www.wikidata.org/entity/Q85610482	Gian Domenico Cancianini
http://www.wikidata.org/entity/Q1524158	Gilbert Crispin
http://www.wikidata.org/entity/Q583119	Gilbert de La Porrée
http://www.wikidata.org/entity/Q17485967	Gilbert de Tournai
http://www.wikidata.org/entity/Q5561313	Gilbert of Hoyland
http://www.wikidata.org/entity/Q352995	Gildas
http://www.wikidata.org/entity/Q3105983	Gilduin of Saint-Victor
http://www.wikidata.org/entity/Q380647	Giles of Rome
http://www.wikidata.org/entity/Q5355	Gilles de Paris
http://www.wikidata.org/entity/Q2360461	Gilles de Paris
http://www.wikidata.org/entity/Q1401220	Giorgio Sisgoreo
http://www.wikidata.org/entity/Q3766372	Giovanni Alfredo Cesareo
http://www.wikidata.org/entity/Q17284944	Giovanni Antonio Flaminio
http://www.wikidata.org/entity/Q3767984	Giovanni Arca
http://www.wikidata.org/entity/Q542039	Giovanni Battista Guarini
http://www.wikidata.org/entity/Q1402	Giovanni Boccaccio
http://www.wikidata.org/entity/Q98768334	Giovanni De Bonis
http://www.wikidata.org/entity/Q3107187	Giovanni Francesco Conti
http://www.wikidata.org/entity/Q55874272	Giovanni Giacomo Coleti
http://www.wikidata.org/entity/Q106611850	Giovanni Maria Bertini
http://www.wikidata.org/entity/Q850346	Giovanni Michele Bruto
http://www.wikidata.org/entity/Q375998	Giovanni Pascoli
http://www.wikidata.org/entity/Q182128	Giovanni Pico della Mirandola
http://www.wikidata.org/entity/Q315149	Giovanni da Pian del Carpine
http://www.wikidata.org/entity/Q55227549	Girolamo Ferri
http://www.wikidata.org/entity/Q164823	Girolamo Savonarola
http://www.wikidata.org/entity/Q1527067	Girolamo Tartarotti
http://www.wikidata.org/entity/Q6313098	Giunio Resti
http://www.wikidata.org/entity/Q344278	Gnaeus Arulenus Caelius Sabinus
http://www.wikidata.org/entity/Q212667	Gnaeus Naevius
http://www.wikidata.org/entity/Q316119	Gnaeus Pompeius Trogus
http://www.wikidata.org/entity/Q3109731	Godfrey of St Victor
http://www.wikidata.org/entity/Q614256	Godfrey of Viterbo
http://www.wikidata.org/entity/Q3772813	Goffredo da Bussero
http://www.wikidata.org/entity/Q2479364	Goscelin
http://www.wikidata.org/entity/Q1539541	Gottfried of Admont
http://www.wikidata.org/entity/Q61914	Gotthard of Hildesheim
http://www.wikidata.org/entity/Q676775	Gottschalk of Orbais
http://www.wikidata.org/entity/Q975318	Granius Licinianus
http://www.wikidata.org/entity/Q17166883	Gregorius Magister
http://www.wikidata.org/entity/Q42827	Gregory I
http://www.wikidata.org/entity/Q3776547	Gregory of Catino
http://www.wikidata.org/entity/Q1362875	Gregory of Elvira
http://www.wikidata.org/entity/Q67841	Gregory of Tours
http://www.wikidata.org/entity/Q48749074	Grimlaic
http://www.wikidata.org/entity/Q85512284	Guaiferius of Monte Cassino
http://www.wikidata.org/entity/Q85512295	Gudin of Luxeuil
http://www.wikidata.org/entity/Q284255	Guerric of Igny
http://www.wikidata.org/entity/Q3122230	Gui d'Amiens
http://www.wikidata.org/entity/Q1116934	Guibert of Gembloux
http://www.wikidata.org/entity/Q4289	Guibert of Nogent
http://www.wikidata.org/entity/Q983064	Guido Faba
http://www.wikidata.org/entity/Q1553784	Guigo II
http://www.wikidata.org/entity/Q3021171	Guigues du Chastel
http://www.wikidata.org/entity/Q13554539	Guillaume Pelhisson
http://www.wikidata.org/entity/Q3120120	Guillaume Philandrier
http://www.wikidata.org/entity/Q450192	Guillaume de Puylaurens
http://www.wikidata.org/entity/Q316083	Guillaume de Rubrouck
http://www.wikidata.org/entity/Q58821112	Gumpoldus of Mantua
http://www.wikidata.org/entity/Q105276	Gundekar II of Eichstätt
http://www.wikidata.org/entity/Q3198512	Gundulf
http://www.wikidata.org/entity/Q712537	Gunther of Pairis
http://www.wikidata.org/entity/Q3779833	Gunzo of Novara
http://www.wikidata.org/entity/Q111232218	Gérard Grumsel
http://www.wikidata.org/entity/Q324468	Haito
http://www.wikidata.org/entity/Q1571227	Halitgar of Cambrai
http://www.wikidata.org/entity/Q3127452	Hariulf
http://www.wikidata.org/entity/Q472833	Haymo of Halberstadt
http://www.wikidata.org/entity/Q1599024	Heinrich Taube von Selbach
http://www.wikidata.org/entity/Q1281873	Heiric of Auxerre
http://www.wikidata.org/entity/Q1602348	Helgaud
http://www.wikidata.org/entity/Q88012152	Helperic of Saint Gall
http://www.wikidata.org/entity/Q372100	Helvius Cinna
http://www.wikidata.org/entity/Q110137203	Henri Philippi
http://www.wikidata.org/entity/Q1235472	Henry of Huntingdon
http://www.wikidata.org/entity/Q25070	Henry of Latvia
http://www.wikidata.org/entity/Q540511	Henry of Marcy
http://www.wikidata.org/entity/Q85512330	Henry of Pomposa
http://www.wikidata.org/entity/Q18671361	Henry of Saltrey
http://www.wikidata.org/entity/Q1597702	Henry of Salzburg
http://www.wikidata.org/entity/Q535494	Henry of Settimello
http://www.wikidata.org/entity/Q5894646	Heraclius
http://www.wikidata.org/entity/Q18214321	Herbert de Clairvaux
http://www.wikidata.org/entity/Q3133525	Herbert of Bosham
http://www.wikidata.org/entity/Q1359348	Heriger of Lobbes
http://www.wikidata.org/entity/Q71597	Hermann Weller
http://www.wikidata.org/entity/Q1613251	Hermann von Köln
http://www.wikidata.org/entity/Q961185	Hervé de Bourg-Dieu
http://www.wikidata.org/entity/Q55915183	Hieronymus Radiolensis
http://www.wikidata.org/entity/Q172377	Hilarius
http://www.wikidata.org/entity/Q532018	Hilary of Arles
http://www.wikidata.org/entity/Q44344	Hilary of Poitiers
http://www.wikidata.org/entity/Q731681	Hildebert
http://www.wikidata.org/entity/Q85512355	Hildebrandus iunior
http://www.wikidata.org/entity/Q70991	Hildegard of Bingen
http://www.wikidata.org/entity/Q88005078	Hildemar of Corbie
http://www.wikidata.org/entity/Q734885	Hilduin
http://www.wikidata.org/entity/Q16208204	Himerius of Tarragona
http://www.wikidata.org/entity/Q712257	Hincmar
http://www.wikidata.org/entity/Q3135751	Hincmar of Laon
http://www.wikidata.org/entity/Q11926034	Honoratus Antoninus
http://www.wikidata.org/entity/Q543586	Honorius Augustodunensis
http://www.wikidata.org/entity/Q6197	Horace
http://www.wikidata.org/entity/Q88201937	Horatius Romanus
http://www.wikidata.org/entity/Q540364	Hosidius Geta
http://www.wikidata.org/entity/Q285693	Hosius of Corduba
http://www.wikidata.org/entity/Q170248	Hrotsvitha
http://www.wikidata.org/entity/Q336803	Hryhorii Skovoroda
http://www.wikidata.org/entity/Q253997	Hucbald
http://www.wikidata.org/entity/Q5271	Hugh Primas
http://www.wikidata.org/entity/Q3142555	Hugh of Amiens
http://www.wikidata.org/entity/Q540099	Hugh of Cluny
http://www.wikidata.org/entity/Q1000507	Hugh of Flavigny
http://www.wikidata.org/entity/Q330515	Hugh of Fleury
http://www.wikidata.org/entity/Q5631	Hugh of Fouilloy
http://www.wikidata.org/entity/Q924107	Hugh of Lincoln
http://www.wikidata.org/entity/Q5933252	Hugh of Poitiers
http://www.wikidata.org/entity/Q317554	Hugh of Saint Victor
http://www.wikidata.org/entity/Q1222667	Hugo Eterianus
http://www.wikidata.org/entity/Q85512378	Hugo V Cluniacensis
http://www.wikidata.org/entity/Q1636000	Hugo of Mâcon
http://www.wikidata.org/entity/Q88120856	Hugo of Ribemont
http://www.wikidata.org/entity/Q68335	Humbert of Silva Candida
http://www.wikidata.org/entity/Q221465	Hydatius
http://www.wikidata.org/entity/Q1231590	Hyginus Mythographus
http://www.wikidata.org/entity/Q5652	Hélinand of Froidmont
http://www.wikidata.org/entity/Q5656	Héloïse d’Argenteuil
http://www.wikidata.org/entity/Q678333	Iavolenus Priscus
http://www.wikidata.org/entity/Q108063293	Ignazio Maria Como
http://www.wikidata.org/entity/Q1394267	Ignjat Đurđević
http://www.wikidata.org/entity/Q456069	Ildephonsus of Toledo
http://www.wikidata.org/entity/Q85754257	Iotsaldus of Cluny
http://www.wikidata.org/entity/Q3112766	Isaac Vossius
http://www.wikidata.org/entity/Q1673525	Isaac of Stella
http://www.wikidata.org/entity/Q3155085	Isabel de Villena
http://www.wikidata.org/entity/Q19060329	Isidore of Beja
http://www.wikidata.org/entity/Q166876	Isidore of Seville
http://www.wikidata.org/entity/Q15820473	Iso von St. Gallen
http://www.wikidata.org/entity/Q124775	Ivo of Chartres
http://www.wikidata.org/entity/Q313460	Jacobus de Voragine
http://www.wikidata.org/entity/Q6119980	Jacopo Gaddi
http://www.wikidata.org/entity/Q510621	Jacopo Sannazaro
http://www.wikidata.org/entity/Q3158307	Jacques Boileau
http://www.wikidata.org/entity/Q60845243	Jakov Bunić
http://www.wikidata.org/entity/Q41569767	James of Milan
http://www.wikidata.org/entity/Q1679483	James of Venice
http://www.wikidata.org/entity/Q59737	Jan Kochanowski
http://www.wikidata.org/entity/Q360094	Janus Pannonius
http://www.wikidata.org/entity/Q3629754	Janus Parrhasius
http://www.wikidata.org/entity/Q3170679	Jean Beleth
http://www.wikidata.org/entity/Q3173225	Jean Liebault
http://www.wikidata.org/entity/Q742	Jean Racine
http://www.wikidata.org/entity/Q54834395	Jean de Haute-Seille
http://www.wikidata.org/entity/Q100319678	Jean de Limoges
http://www.wikidata.org/entity/Q1393342	Jean de Venette
http://www.wikidata.org/entity/Q2042376	Jean le Long
http://www.wikidata.org/entity/Q379941	Jean-Antoine de Baïf
http://www.wikidata.org/entity/Q44248	Jerome
http://www.wikidata.org/entity/Q3177714	Jessé d'Amiens
http://www.wikidata.org/entity/Q105954063	Joannes Macarius
http://www.wikidata.org/entity/Q3571438	Joaquín Lorenzo Villanueva
http://www.wikidata.org/entity/Q6207074	Jocelin of Soissons
http://www.wikidata.org/entity/Q942414	Johann Augustus Eberhard
http://www.wikidata.org/entity/Q105895	Johann Heinrich Ernesti
http://www.wikidata.org/entity/Q1544912	Johann Ludwig Prasch
http://www.wikidata.org/entity/Q107183	Johannes Aesticampianus
http://www.wikidata.org/entity/Q1303874	Johannes Hymmonides
http://www.wikidata.org/entity/Q184500	Johannes Scotus Eriugena
http://www.wikidata.org/entity/Q1699269	John Barclay
http://www.wikidata.org/entity/Q313795	John Cassian
http://www.wikidata.org/entity/Q1230607	John Owen
http://www.wikidata.org/entity/Q989	John Paul II
http://www.wikidata.org/entity/Q199496	John VII
http://www.wikidata.org/entity/Q3175222	John of Avranches
http://www.wikidata.org/entity/Q268107	John of Cornwall
http://www.wikidata.org/entity/Q1229700	John of Garland
http://www.wikidata.org/entity/Q573807	John of Jandun
http://www.wikidata.org/entity/Q264028	John of Salisbury
http://www.wikidata.org/entity/Q112024	John of Winterthur
http://www.wikidata.org/entity/Q190388	John of the Cross
http://www.wikidata.org/entity/Q3768443	John the Deacon
http://www.wikidata.org/entity/Q4387115	Jonas Radvanas
http://www.wikidata.org/entity/Q280282	Jonas of Bobbio
http://www.wikidata.org/entity/Q1617594	Jonas of Orléans
http://www.wikidata.org/entity/Q131548	Jordanes
http://www.wikidata.org/entity/Q70236	Joseph Hubert Reinkens
http://www.wikidata.org/entity/Q315163	Joseph Justus Scaliger
http://www.wikidata.org/entity/Q775238	Joseph of Exeter
http://www.wikidata.org/entity/Q88024556	Josephus Sacerdos
http://www.wikidata.org/entity/Q12768221	Jozef Pruni
http://www.wikidata.org/entity/Q1662957	Julian of Eclanum
http://www.wikidata.org/entity/Q722563	Julian of Toledo
http://www.wikidata.org/entity/Q3504283	Julije Bajamonti
http://www.wikidata.org/entity/Q1048	Julius Caesar
http://www.wikidata.org/entity/Q3189849	Julius Exsuperantius
http://www.wikidata.org/entity/Q367422	Julius Firmicus Maternus
http://www.wikidata.org/entity/Q679424	Julius Honorius
http://www.wikidata.org/entity/Q682860	Julius Obsequens
http://www.wikidata.org/entity/Q20004924	Julius Titianus
http://www.wikidata.org/entity/Q1232604	Julius Valerius Alexander Polemius
http://www.wikidata.org/entity/Q11729424	Junillus
http://www.wikidata.org/entity/Q6313735	Junius Philargyrius
http://www.wikidata.org/entity/Q261218	Juraj Dragišić
http://www.wikidata.org/entity/Q41866	Justinian I
http://www.wikidata.org/entity/Q38294	Justus Jonas
http://www.wikidata.org/entity/Q315871	Justus Lipsius
http://www.wikidata.org/entity/Q193800	Juvenal
http://www.wikidata.org/entity/Q519232	Juvencus
http://www.wikidata.org/entity/Q1004630	József Fáy
http://www.wikidata.org/entity/Q88022717	King Evax
http://www.wikidata.org/entity/Q209102	Lactantius
http://www.wikidata.org/entity/Q1799823	Lactantius Placidus
http://www.wikidata.org/entity/Q3646779	Lady Margaret Seymour
http://www.wikidata.org/entity/Q473620	Laevius
http://www.wikidata.org/entity/Q5661	Lambert of Ardres
http://www.wikidata.org/entity/Q85512421	Lambert of Pouthières
http://www.wikidata.org/entity/Q85512425	Lambert of Squillace
http://www.wikidata.org/entity/Q2784355	Lambert van Sint-Omaars
http://www.wikidata.org/entity/Q1541662	Landolfus Sagax
http://www.wikidata.org/entity/Q3826790	Landulf of Milan
http://www.wikidata.org/entity/Q317098	Lanfranc
http://www.wikidata.org/entity/Q2891791	Latinius Pacatus Drepanius
http://www.wikidata.org/entity/Q21544880	Laurens van Santen
http://www.wikidata.org/entity/Q1808207	Laurentius of Amalfi
http://www.wikidata.org/entity/Q577125	Leander of Seville
http://www.wikidata.org/entity/Q3229149	Leidrad of Lyon
http://www.wikidata.org/entity/Q56006638	Lelio Guidiccioni
http://www.wikidata.org/entity/Q1818805	Leo Archpriest
http://www.wikidata.org/entity/Q43954	Leo I
http://www.wikidata.org/entity/Q43922	Leo XIII
http://www.wikidata.org/entity/Q85512437	Leo of Atina
http://www.wikidata.org/entity/Q978985	Leo of Ostia
http://www.wikidata.org/entity/Q85512442	Leo of Sens
http://www.wikidata.org/entity/Q182046	Leon Battista Alberti
http://www.wikidata.org/entity/Q314488	Leonardo Bruni
http://www.wikidata.org/entity/Q111153839	Leone Toscano
http://www.wikidata.org/entity/Q7604	Leonhard Euler
http://www.wikidata.org/entity/Q25391116	Leporius
http://www.wikidata.org/entity/Q3831040	Letaldus
http://www.wikidata.org/entity/Q96077	Leunclavius
http://www.wikidata.org/entity/Q3114842	Liberatus of Carthage
http://www.wikidata.org/entity/Q2840364	Licinianus of Cartagena
http://www.wikidata.org/entity/Q551668	Licinius Macer Calvus
http://www.wikidata.org/entity/Q317911	Liutprand of Cremona
http://www.wikidata.org/entity/Q193058	Livius Andronicus
http://www.wikidata.org/entity/Q104183414	Lodovico Arrivabene
http://www.wikidata.org/entity/Q683317	Lodovico Lazzarelli
http://www.wikidata.org/entity/Q214115	Lorenzo Valla
http://www.wikidata.org/entity/Q1872515	Lovro Šitović
http://www.wikidata.org/entity/Q188646	Lucan
http://www.wikidata.org/entity/Q715214	Lucifer of Cagliari
http://www.wikidata.org/entity/Q1369527	Lucilius Junior
http://www.wikidata.org/entity/Q311287	Lucius Accius
http://www.wikidata.org/entity/Q561367	Lucius Aelius Stilo Praeconinus
http://www.wikidata.org/entity/Q472077	Lucius Afranius
http://www.wikidata.org/entity/Q741160	Lucius Ampelius
http://www.wikidata.org/entity/Q507036	Lucius Annaeus Cornutus
http://www.wikidata.org/entity/Q316483	Lucius Annaeus Florus
http://www.wikidata.org/entity/Q550603	Lucius Calpurnius Piso Frugi
http://www.wikidata.org/entity/Q948114	Lucius Cassius Hemina
http://www.wikidata.org/entity/Q867394	Lucius Cincius Alimentus
http://www.wikidata.org/entity/Q704313	Lucius Coelius Antipater
http://www.wikidata.org/entity/Q709628	Lucius Cornelius Sisenna
http://www.wikidata.org/entity/Q2240081	Lucius Pomponius
http://www.wikidata.org/entity/Q10891032	Lucius Septimius
http://www.wikidata.org/entity/Q8820	Lucius Varius Rufus
http://www.wikidata.org/entity/Q117075386	Lucius Verus Clarimontanus
http://www.wikidata.org/entity/Q740977	Lucius Volusius Maecianus
http://www.wikidata.org/entity/Q47154	Lucretius
http://www.wikidata.org/entity/Q88007944	Luculentius
http://www.wikidata.org/entity/Q103940	Ludolf von Sudheim
http://www.wikidata.org/entity/Q98718187	Ludovico Carri
http://www.wikidata.org/entity/Q59357715	Ludovico da Ponte
http://www.wikidata.org/entity/Q216692	Ludvig Holberg
http://www.wikidata.org/entity/Q71484	Ludwig Gotthard Kosegarten
http://www.wikidata.org/entity/Q1390790	Luigj Gurakuqi
http://www.wikidata.org/entity/Q675928	Lupus Servatus
http://www.wikidata.org/entity/Q268235	Luxorius
http://www.wikidata.org/entity/Q85512445	Léger of Vienne
http://www.wikidata.org/entity/Q471723	Maciej Kazimierz Sarbiewski
http://www.wikidata.org/entity/Q313934	Macrobius
http://www.wikidata.org/entity/Q465322	Magnus Felix Ennodius
http://www.wikidata.org/entity/Q41616825	Magnus of Sens
http://www.wikidata.org/entity/Q1001947	Mallius Theodorus
http://www.wikidata.org/entity/Q66853	Manegold of Lautenbach
http://www.wikidata.org/entity/Q85512466	Mantio Catalaunensis
http://www.wikidata.org/entity/Q6752723	Manuel Martí i Saragossà
http://www.wikidata.org/entity/Q654307	Marbodius of Rennes
http://www.wikidata.org/entity/Q105296788	Marcantonio Benaglio
http://www.wikidata.org/entity/Q868078	Marcellus Empiricus
http://www.wikidata.org/entity/Q1340193	Marco Girolamo Vida
http://www.wikidata.org/entity/Q365148	Marcus Aemilius Scaurus
http://www.wikidata.org/entity/Q436034	Marcus Antistius Labeo
http://www.wikidata.org/entity/Q3290045	Marcus Antonius Antimachus
http://www.wikidata.org/entity/Q926229	Marcus Antonius Gnipho
http://www.wikidata.org/entity/Q1430	Marcus Aurelius
http://www.wikidata.org/entity/Q74243	Marcus Cluvius Rufus
http://www.wikidata.org/entity/Q317055	Marcus Cornelius Fronto
http://www.wikidata.org/entity/Q117841	Marcus Gavius Apicius
http://www.wikidata.org/entity/Q11935164	Marcus Junius Brutus
http://www.wikidata.org/entity/Q352684	Marcus Manilius
http://www.wikidata.org/entity/Q319423	Marcus Minucius Felix
http://www.wikidata.org/entity/Q206119	Marcus Terentius Varro
http://www.wikidata.org/entity/Q437898	Marcus Tullius Tiro
http://www.wikidata.org/entity/Q508117	Marcus Valerius Messalla Corvinus
http://www.wikidata.org/entity/Q316098	Marcus Velleius Paterculus
http://www.wikidata.org/entity/Q3290763	Marguerite d'Oingt
http://www.wikidata.org/entity/Q2403628	Mariangelo Accorso
http://www.wikidata.org/entity/Q1388231	Marianus Scotus
http://www.wikidata.org/entity/Q689903	Marius Aventicensis
http://www.wikidata.org/entity/Q2574348	Marius Mercator
http://www.wikidata.org/entity/Q1164905	Marius Plotius Sacerdos
http://www.wikidata.org/entity/Q336571	Marko Marulić
http://www.wikidata.org/entity/Q192374	Marsilio Ficino
http://www.wikidata.org/entity/Q315357	Marsilius of Padua
http://www.wikidata.org/entity/Q2098	Martial
http://www.wikidata.org/entity/Q348408	Martianus Capella
http://www.wikidata.org/entity/Q9554	Martin Luther
http://www.wikidata.org/entity/Q3389798	Martin of Leon
http://www.wikidata.org/entity/Q970929	Masurius Sabinus
http://www.wikidata.org/entity/Q1909428	Mathieu of Boulogne
http://www.wikidata.org/entity/Q1038381	Matija Petar Katančić
http://www.wikidata.org/entity/Q3852246	Matteo dall'Isola
http://www.wikidata.org/entity/Q369366	Matthew Paris
http://www.wikidata.org/entity/Q1238197	Matthew of Vendôme
http://www.wikidata.org/entity/Q250321	Maurice Scève
http://www.wikidata.org/entity/Q3109132	Maximus
http://www.wikidata.org/entity/Q3302716	Maximus of Madaura
http://www.wikidata.org/entity/Q1230495	Maximus of Turin
http://www.wikidata.org/entity/Q930459	Merobaudes
http://www.wikidata.org/entity/Q1376763	Mikołaj Hussowczyk
http://www.wikidata.org/entity/Q94139150	Modestus
http://www.wikidata.org/entity/Q99991648	Moggio Moggi
http://www.wikidata.org/entity/Q4177445	Márton Rakovszky
http://www.wikidata.org/entity/Q670338	Nazarius
http://www.wikidata.org/entity/Q949309	Nemesianus
http://www.wikidata.org/entity/Q113995103	Niccolo Antonio Colosso
http://www.wikidata.org/entity/Q2743461	Nicetas of Remesiana
http://www.wikidata.org/entity/Q3340916	Nicholas of Clairvaux
http://www.wikidata.org/entity/Q154751	Nicholas of Cusa
http://www.wikidata.org/entity/Q1986846	Nicolaus Henel von Hennenfeld
http://www.wikidata.org/entity/Q1516858	Nigel de Longchamps
http://www.wikidata.org/entity/Q175042	Nigidius Figulus
http://www.wikidata.org/entity/Q7035599	Nikola Modruški
http://www.wikidata.org/entity/Q1456681	Nivardus
http://www.wikidata.org/entity/Q183420	Nonius Marcellus
http://www.wikidata.org/entity/Q570452	Notker of Liège
http://www.wikidata.org/entity/Q354813	Notker the Stammerer
http://www.wikidata.org/entity/Q222890	Novatian
http://www.wikidata.org/entity/Q23012360	Novatus Catholicus
http://www.wikidata.org/entity/Q88014433	Nuño of Mondoñedo
http://www.wikidata.org/entity/Q85512525	Odilon of Soissons
http://www.wikidata.org/entity/Q88007450	Odo of Asti
http://www.wikidata.org/entity/Q944557	Odo of Cambrai
http://www.wikidata.org/entity/Q454553	Odo of Cluny
http://www.wikidata.org/entity/Q5626	Odo of Deuil
http://www.wikidata.org/entity/Q55912948	Odo of Muremund
http://www.wikidata.org/entity/Q102437103	Odon de Saint-Remy à Reims
http://www.wikidata.org/entity/Q261992	Optatus
http://www.wikidata.org/entity/Q356298	Orderic Vitalis
http://www.wikidata.org/entity/Q928522	Orientius
http://www.wikidata.org/entity/Q311456	Orosius
http://www.wikidata.org/entity/Q3460230	Osbern of Canterbury
http://www.wikidata.org/entity/Q85512556	Othelbold of Saint-Bavon
http://www.wikidata.org/entity/Q85512560	Otker of Regensburg
http://www.wikidata.org/entity/Q90628	Otloh of St. Emmeram
http://www.wikidata.org/entity/Q435942	Otto of Freising
http://www.wikidata.org/entity/Q2041315	Otto of Sankt Blasien
http://www.wikidata.org/entity/Q18719525	Ottone Morena
http://www.wikidata.org/entity/Q920309	Pacian
http://www.wikidata.org/entity/Q55874870	Pacifico Massimi
http://www.wikidata.org/entity/Q15429040	Pacificus of Verona
http://www.wikidata.org/entity/Q314677	Pacuvius
http://www.wikidata.org/entity/Q329274	Pacuvius Labeo
http://www.wikidata.org/entity/Q1106691	Pandulf of Pisa
http://www.wikidata.org/entity/Q43375759	Paolo Giovio
http://www.wikidata.org/entity/Q55835458	Paolo Sacrati
http://www.wikidata.org/entity/Q28862342	Parmenian
http://www.wikidata.org/entity/Q11813224	Paschasinus of Lilybaeum
http://www.wikidata.org/entity/Q6065375	Paschasius Diaconus
http://www.wikidata.org/entity/Q654858	Paschasius Radbertus
http://www.wikidata.org/entity/Q97061463	Paschasius of Dumio
http://www.wikidata.org/entity/Q77418	Paul Fleming
http://www.wikidata.org/entity/Q55133349	Paul of Bernried
http://www.wikidata.org/entity/Q160424	Paul the Deacon
http://www.wikidata.org/entity/Q649327	Paulin de Périgueux
http://www.wikidata.org/entity/Q738554	Paulinus II of Aquileia
http://www.wikidata.org/entity/Q132473	Paulinus of Nola
http://www.wikidata.org/entity/Q528220	Paulinus of Pella
http://www.wikidata.org/entity/Q3372687	Paulinus the Deacon
http://www.wikidata.org/entity/Q882363	Paulus Melissus
http://www.wikidata.org/entity/Q6067560	Paulus of Mérida
http://www.wikidata.org/entity/Q1081211	Pavao Ritter Vitezović
http://www.wikidata.org/entity/Q15410622	Pedro Juan Perpiñá
http://www.wikidata.org/entity/Q5647216	Pedro de Morales
http://www.wikidata.org/entity/Q170303	Pelagius I
http://www.wikidata.org/entity/Q788340	Pelagonius
http://www.wikidata.org/entity/Q332785	Persius
http://www.wikidata.org/entity/Q10993086	Pescennius Festus
http://www.wikidata.org/entity/Q4295	Peter Abelard
http://www.wikidata.org/entity/Q2080968	Peter the Deacon
http://www.wikidata.org/entity/Q11816050	Petilianus
http://www.wikidata.org/entity/Q1401	Petrarch
http://www.wikidata.org/entity/Q47180	Petronius
http://www.wikidata.org/entity/Q2080920	Petrus Alphonsi
http://www.wikidata.org/entity/Q52166	Phaedrus
http://www.wikidata.org/entity/Q11922242	Phocas
http://www.wikidata.org/entity/Q2948411	Phoebadius of Agen
http://www.wikidata.org/entity/Q784373	Piero Vettori
http://www.wikidata.org/entity/Q1370726	Pierre Bersuire
http://www.wikidata.org/entity/Q24952357	Pieter Nanninck
http://www.wikidata.org/entity/Q334188	Pietro Bembo
http://www.wikidata.org/entity/Q102179363	Pietro Della Porta
http://www.wikidata.org/entity/Q86681715	Pietro Gaggia
http://www.wikidata.org/entity/Q87269831	Pietro Lazzaroni
http://www.wikidata.org/entity/Q3388210	Pietro da Moglio
http://www.wikidata.org/entity/Q3388211	Pietro degli Angeli
http://www.wikidata.org/entity/Q2097909	Placidus of Nonantola
http://www.wikidata.org/entity/Q47160	Plautus
http://www.wikidata.org/entity/Q11923645	Plinius junior
http://www.wikidata.org/entity/Q82778	Pliny the Elder
http://www.wikidata.org/entity/Q168707	Pliny the Younger
http://www.wikidata.org/entity/Q6184	Plotius Tucca
http://www.wikidata.org/entity/Q328214	Poeta Saxo
http://www.wikidata.org/entity/Q318254	Poggio Bracciolini
http://www.wikidata.org/entity/Q181983	Polemius Silvius
http://www.wikidata.org/entity/Q250414	Poliziano
http://www.wikidata.org/entity/Q297515	Pomponius Mela
http://www.wikidata.org/entity/Q934244	Pomponius Porphyrion
http://www.wikidata.org/entity/Q713373	Pontius of Carthage
http://www.wikidata.org/entity/Q867206	Pontus de Tyard
http://www.wikidata.org/entity/Q12270006	Porcellio
http://www.wikidata.org/entity/Q3398151	Porcius Licinus
http://www.wikidata.org/entity/Q356433	Priscian
http://www.wikidata.org/entity/Q347010	Priscillian
http://www.wikidata.org/entity/Q8827	Propertius
http://www.wikidata.org/entity/Q454652	Prosper of Aquitaine
http://www.wikidata.org/entity/Q347250	Prudentius
http://www.wikidata.org/entity/Q18925150	Pseudo-Aquinas
http://www.wikidata.org/entity/Q642704	Pseudo-Bonaventure
http://www.wikidata.org/entity/Q66134384	Pseudo-Cyprian
http://www.wikidata.org/entity/Q88183243	Pseudo-Isidore
http://www.wikidata.org/entity/Q19587867	Pseudo-Joachim of Fiore
http://www.wikidata.org/entity/Q7254416	Pseudo-Linus
http://www.wikidata.org/entity/Q67406296	Pseudo-Seneca
http://www.wikidata.org/entity/Q7254427	Pseudo-Tertullian
http://www.wikidata.org/entity/Q1228531	Publilius Optatianus Porfirius
http://www.wikidata.org/entity/Q363375	Publilius Syrus
http://www.wikidata.org/entity/Q770133	Publius Annius Florus
http://www.wikidata.org/entity/Q718552	Publius Baebius Italicus
http://www.wikidata.org/entity/Q4298	Publius Flavius Vegetius Renatus
http://www.wikidata.org/entity/Q1241433	Publius Juventius Celsus
http://www.wikidata.org/entity/Q243203	Publius Papinius Statius
http://www.wikidata.org/entity/Q559874	Publius Pomponius Secundus
http://www.wikidata.org/entity/Q13410930	Publius Rutilius Lupus
http://www.wikidata.org/entity/Q3925336	Publius Tarutienus Paternus
http://www.wikidata.org/entity/Q1278967	Publius Valerius Cato
http://www.wikidata.org/entity/Q193769	Quintilian
http://www.wikidata.org/entity/Q657809	Quintus Aquilius Niger
http://www.wikidata.org/entity/Q355720	Quintus Aurelius Symmachus
http://www.wikidata.org/entity/Q445928	Quintus Claudius Quadrigarius
http://www.wikidata.org/entity/Q5959	Quintus Curtius Rufus
http://www.wikidata.org/entity/Q531952	Quintus Gargilius Martialis
http://www.wikidata.org/entity/Q320902	Quintus Hortensius
http://www.wikidata.org/entity/Q503187	Quintus Mucius Scaevola Pontifex
http://www.wikidata.org/entity/Q88019316	Quintus Papirianus
http://www.wikidata.org/entity/Q316054	Quintus Tullius Cicero
http://www.wikidata.org/entity/Q160441	Rabanus Maurus
http://www.wikidata.org/entity/Q266447	Ralph of Caen
http://www.wikidata.org/entity/Q193660	Ramon Llull
http://www.wikidata.org/entity/Q15431115	Ratpert of St. Gallen
http://www.wikidata.org/entity/Q1383306	Remigius of Auxerre
http://www.wikidata.org/entity/Q24548	Remmius Palaemon
http://www.wikidata.org/entity/Q239820	Riccoldo da Monte di Croce
http://www.wikidata.org/entity/Q3934658	Richard of Venosa
http://www.wikidata.org/entity/Q741439	Richerus
http://www.wikidata.org/entity/Q5376	Robert the Monk
http://www.wikidata.org/entity/Q708539	Rodulfus Glaber
http://www.wikidata.org/entity/Q2161372	Rodulfus Tortarius
http://www.wikidata.org/entity/Q171677	Roger Bacon
http://www.wikidata.org/entity/Q7359222	Roger of Hereford
http://www.wikidata.org/entity/Q107423743	Roland Brisset
http://www.wikidata.org/entity/Q120138	Rudolf Gwalther
http://www.wikidata.org/entity/Q705919	Rutilius Claudius Namatianus
http://www.wikidata.org/entity/Q561353	Rutilius Taurus Aemilianus Palladius
http://www.wikidata.org/entity/Q453698	Saint Amandus
http://www.wikidata.org/entity/Q598727	Saint Aurelius
http://www.wikidata.org/entity/Q701046	Saint Pirmin
http://www.wikidata.org/entity/Q3646572	Salamon Rysinski
http://www.wikidata.org/entity/Q799960	Salimbene di Adam
http://www.wikidata.org/entity/Q7170	Sallust
http://www.wikidata.org/entity/Q532684	Salvian
http://www.wikidata.org/entity/Q533755	Salvius Julianus
http://www.wikidata.org/entity/Q29216309	Samson of Cordova
http://www.wikidata.org/entity/Q18945778	Samuel Marochitanus
http://www.wikidata.org/entity/Q27231029	Samuel Presbiter
http://www.wikidata.org/entity/Q461678	Scribonius Largus
http://www.wikidata.org/entity/Q60351	Sebastian Brant
http://www.wikidata.org/entity/Q21545671	Sebastiano Corradi
http://www.wikidata.org/entity/Q12641871	Sebastiano Dolci
http://www.wikidata.org/entity/Q2054	Seneca
http://www.wikidata.org/entity/Q273671	Seneca the Elder
http://www.wikidata.org/entity/Q24251440	Serafino Biscardi
http://www.wikidata.org/entity/Q355350	Servius
http://www.wikidata.org/entity/Q435163	Servius Sulpicius Rufus
http://www.wikidata.org/entity/Q662111	Severus Sanctus Endelechius
http://www.wikidata.org/entity/Q317014	Sextus Julius Africanus
http://www.wikidata.org/entity/Q1287418	Sextus Placitus
http://www.wikidata.org/entity/Q302723	Sextus Pompeius Festus
http://www.wikidata.org/entity/Q2280386	Sicard of Cremona
http://www.wikidata.org/entity/Q3624745	Siculus Flaccus
http://www.wikidata.org/entity/Q302936	Sidonius Apollinaris
http://www.wikidata.org/entity/Q355903	Siger of Brabant
http://www.wikidata.org/entity/Q3782346	Sigismondo Arquer
http://www.wikidata.org/entity/Q29545181	Sigismondo Boldoni
http://www.wikidata.org/entity/Q316123	Silius Italicus
http://www.wikidata.org/entity/Q21545848	Simon Verepaeus
http://www.wikidata.org/entity/Q941537	Smaragdus of Saint-Mihiel
http://www.wikidata.org/entity/Q7576343	Speraindeo
http://www.wikidata.org/entity/Q1215304	Stephen of Tournai
http://www.wikidata.org/entity/Q10133	Suetonius
http://www.wikidata.org/entity/Q257448	Sulpicia
http://www.wikidata.org/entity/Q545114	Sulpicia
http://www.wikidata.org/entity/Q2658339	Sulpicius Apollinaris
http://www.wikidata.org/entity/Q336704	Sulpicius Severus
http://www.wikidata.org/entity/Q7661708	Symphosius
http://www.wikidata.org/entity/Q2161	Tacitus
http://www.wikidata.org/entity/Q172048	Terence
http://www.wikidata.org/entity/Q535060	Terentianus
http://www.wikidata.org/entity/Q174929	Tertullian
http://www.wikidata.org/entity/Q322480	Thangmar
http://www.wikidata.org/entity/Q106232581	Theobald of Gubbio
http://www.wikidata.org/entity/Q61482423	Theobaldus Episcopus
http://www.wikidata.org/entity/Q314981	Theodore Beza
http://www.wikidata.org/entity/Q115851	Theodore Bibliander
http://www.wikidata.org/entity/Q1320120	Theodorus Priscianus
http://www.wikidata.org/entity/Q143854	Theophilus Presbyter
http://www.wikidata.org/entity/Q275425	Thietmar of Merseburg
http://www.wikidata.org/entity/Q9438	Thomas Aquinas
http://www.wikidata.org/entity/Q42544	Thomas More
http://www.wikidata.org/entity/Q21511754	Thomas de Herenthals
http://www.wikidata.org/entity/Q572799	Thomas of Cantimpré
http://www.wikidata.org/entity/Q220976	Thomas à Kempis
http://www.wikidata.org/entity/Q1116711	Tiberius Claudius Donatus
http://www.wikidata.org/entity/Q1121669	Ticonius
http://www.wikidata.org/entity/Q2436996	Tito Livio Frulovisi
http://www.wikidata.org/entity/Q559878	Titus Calpurnius Siculus
http://www.wikidata.org/entity/Q2039	Titus Livius
http://www.wikidata.org/entity/Q311733	Titus Pomponius Atticus
http://www.wikidata.org/entity/Q85512772	Tomellus Hasnoniensis
http://www.wikidata.org/entity/Q95000035	Turranius
http://www.wikidata.org/entity/Q365835	Tyrannius Rufinus
http://www.wikidata.org/entity/Q47307825	Ubertino Carrara
http://www.wikidata.org/entity/Q310076	Ulpian
http://www.wikidata.org/entity/Q705660	Ulrich of Strasburg
http://www.wikidata.org/entity/Q109240056	Vacca
http://www.wikidata.org/entity/Q66909	Valens Acidalius
http://www.wikidata.org/entity/Q1236333	Valerio of Bierzo
http://www.wikidata.org/entity/Q947576	Valerius Antias
http://www.wikidata.org/entity/Q379991	Valerius Maximus
http://www.wikidata.org/entity/Q355732	Varro Atacinus
http://www.wikidata.org/entity/Q44934	Venantius Fortunatus
http://www.wikidata.org/entity/Q102855745	Ventura da Bergamo
http://www.wikidata.org/entity/Q7921195	Verecundus of Junca
http://www.wikidata.org/entity/Q454995	Verrius Flaccus
http://www.wikidata.org/entity/Q431367	Vibius Sequester
http://www.wikidata.org/entity/Q7926487	Victor of Capua
http://www.wikidata.org/entity/Q469199	Victorinus of Pettau
http://www.wikidata.org/entity/Q746501	Vigilantius
http://www.wikidata.org/entity/Q644057	Vincent of Lérins
http://www.wikidata.org/entity/Q59529955	Vincenz Zapletal
http://www.wikidata.org/entity/Q59530163	Vincenzo Guinigi
http://www.wikidata.org/entity/Q1460007	Vindicianus
http://www.wikidata.org/entity/Q911087	Vinidarius
http://www.wikidata.org/entity/Q1398	Virgil
http://www.wikidata.org/entity/Q2527739	Virgil of Toulouse
http://www.wikidata.org/entity/Q47163	Vitruvius
http://www.wikidata.org/entity/Q4084893	Vitus Bering
http://www.wikidata.org/entity/Q959633	Volcatius Sedigitus
http://www.wikidata.org/entity/Q456569	Walafrid Strabo
http://www.wikidata.org/entity/Q65557138	Walter Bigges
http://www.wikidata.org/entity/Q431324	Walter Map
http://www.wikidata.org/entity/Q5198	Walter of Châtillon
http://www.wikidata.org/entity/Q7966529	Walter of Compiègne
http://www.wikidata.org/entity/Q583077	Walter of Mortagne
http://www.wikidata.org/entity/Q11221177	Walter of Sens
http://www.wikidata.org/entity/Q1835050	Walter the Chancellor
http://www.wikidata.org/entity/Q7990181	Wettinus of Reichenau
http://www.wikidata.org/entity/Q312386	Widukind of Corvey
http://www.wikidata.org/entity/Q3567996	Wigbod
http://www.wikidata.org/entity/Q8018648	William Robert Spencer
http://www.wikidata.org/entity/Q168443	William of Apulia
http://www.wikidata.org/entity/Q17016698	William of Canterbury
http://www.wikidata.org/entity/Q615260	William of Conches
http://www.wikidata.org/entity/Q95729	William of Hirsau
http://www.wikidata.org/entity/Q722296	William of Jumièges
http://www.wikidata.org/entity/Q345524	William of Malmesbury
http://www.wikidata.org/entity/Q538267	William of Moerbeke
http://www.wikidata.org/entity/Q43936	William of Ockham
http://www.wikidata.org/entity/Q1394175	William of Poitiers
http://www.wikidata.org/entity/Q88014520	William of Saint-Denis
http://www.wikidata.org/entity/Q311822	William of Tyre
http://www.wikidata.org/entity/Q9374974	Wincenty Buczyński
http://www.wikidata.org/entity/Q8039193	Wulfstan the Cantor
http://www.wikidata.org/entity/Q139475	Zacharias Chrysopolitanus
http://www.wikidata.org/entity/Q189776	Zeno of Verona
http://www.wikidata.org/entity/Q3893707	Álvaro of Córdoba
http://www.wikidata.org/entity/Q1248100	Étienne Dolet
http://www.wikidata.org/entity/Q345639	Łukasz Opaliński
